[
    {
        "id": "tt0059742",
        "title": "The Sound of Music",
        "location": "Ajax Cinemas",
        "date": "2021/01/01",
        "times": [
            "7:15pm",
            "8:40pm"
        ]
    },
    {
        "id": "tt0059113",
        "title": "Doctor Zhivago",
        "location": "Oshawa Cinemas",
        "date": "2021/01/02",
        "times": [
            "7:35pm",
            "8:10pm",
            "9:05pm"
        ]
    },
    {
        "id": "tt0059243",
        "title": "The Great Race",
        "location": "Oshawa Cinemas",
        "date": "2021/01/01",
        "times": [
            "6:45pm",
            "9:15pm"
        ]
    },
    {
        "id": "tt0059578",
        "title": "For a Few Dollars More",
        "location": "Oshawa Cinemas",
        "date": "2021/01/01",
        "times": [
            "8:05pm",
            "9:40pm"
        ]
    },
    {
        "id": "tt0059661",
        "title": "The Rounders",
        "location": "Oshawa Cinemas",
        "date": "2021/01/01",
        "times": [
            "4:10pm"
        ]
    },
    {
        "id": "tt0059800",
        "title": "Thunderball",
        "location": "Oshawa Cinemas",
        "date": "2021/01/02",
        "times": [
            "8:00pm"
        ]
    }
]